-- phpMyAdmin SQL Dump
-- version 5.2.0
-- https://www.phpmyadmin.net/
--
-- Host: 127.0.0.1
-- Generation Time: Feb 07, 2024 at 03:59 AM
-- Server version: 10.4.24-MariaDB
-- PHP Version: 8.1.6

SET SQL_MODE = "NO_AUTO_VALUE_ON_ZERO";
START TRANSACTION;
SET time_zone = "+00:00";


/*!40101 SET @OLD_CHARACTER_SET_CLIENT=@@CHARACTER_SET_CLIENT */;
/*!40101 SET @OLD_CHARACTER_SET_RESULTS=@@CHARACTER_SET_RESULTS */;
/*!40101 SET @OLD_COLLATION_CONNECTION=@@COLLATION_CONNECTION */;
/*!40101 SET NAMES utf8mb4 */;

--
-- Database: `research1`
--

-- --------------------------------------------------------

--
-- Table structure for table `patterns`
--

CREATE TABLE `patterns` (
  `id` int(11) NOT NULL,
  `tag_id` int(11) DEFAULT NULL,
  `pattern` varchar(255) NOT NULL
) ENGINE=InnoDB DEFAULT CHARSET=utf8mb4;

--
-- Dumping data for table `patterns`
--

INSERT INTO `patterns` (`id`, `tag_id`, `pattern`) VALUES
(1, 1, 'Hi'),
(2, 1, 'hi'),
(3, 1, 'Hey'),
(4, 1, 'Hi there!'),
(5, 1, 'Is anyone there?'),
(6, 1, 'Who are you?'),
(7, 1, 'Hello'),
(8, 1, 'Yo'),
(9, 2, 'What is STI?'),
(10, 2, 'STI is?'),
(11, 2, 'STI'),
(12, 2, 'S'),
(13, 3, 'Which instruments are necessary for treating STI?'),
(14, 3, 'Tools for STI'),
(15, 3, 'STI Tools'),
(16, 3, 'Can you tell me what instruments are needed to treat STI?'),
(17, 3, 'What kind of tools should I obtain for STI treatment?'),
(18, 3, 'What are the essential instruments for managing STI treatment?'),
(19, 3, 'For STI treatment, what instruments should I use?'),
(20, 3, 'For STI treatment, what instruments should I secure?'),
(21, 3, 'Could you specify the tools required for STI treatment?'),
(22, 3, 'What tools are required for effective STI treatment?'),
(23, 3, 'Could you list the instruments necessary for STI treatment?'),
(24, 3, 'What tools are used for STI?'),
(25, 3, 'In terms of STI treatment, what are the necessary instruments?'),
(26, 3, 'What instruments are typically used in the treatment of STI?'),
(27, 3, 'What tools are used in the treatment of STI?'),
(28, 3, 'What are the recommended instruments for STI treatment?'),
(29, 3, 'What are the recommended tools for STI treatment?'),
(30, 3, 'What is the essential toolkit for STI treatment?'),
(31, 3, 'For the treatment of STI, what instruments are required?'),
(32, 3, 'What tools are required for STI?'),
(33, 3, 'What tools should I prepare for STI treatment?'),
(34, 3, 'Can you guide me on the instruments needed for STI treatment?'),
(35, 3, 'What equipment is necessary for the treatment of STI?'),
(36, 3, 'What tools is necessary for the treatment of STI?'),
(37, 3, 'Can you guide me on the instruments needed for STI treatment?'),
(38, 3, 'Can you inform me about the instruments required for STI treatment?'),
(39, 4, 'What is STI Codes?'),
(40, 4, 'STI Codes?'),
(41, 4, 'What is STI Code'),
(42, 4, 'STI Code?'),
(43, 4, 'What is the STI Code?'),
(44, 4, 'What codes do I have to enter for STI?'),
(45, 4, 'Which codes are required for STI?'),
(46, 4, 'Can you tell me what codes are needed for STI?'),
(47, 4, 'What specific codes should I input for STI?'),
(48, 4, 'Could you list the necessary codes for STI?'),
(49, 4, 'What are the essential codes for STI?'),
(50, 4, 'For STI, what codes should I use?'),
(51, 4, 'Could you specify the codes required for STI?'),
(52, 4, 'In terms of STI, what are the relevant codes?'),
(53, 4, 'What codes should I key in for STI?'),
(54, 4, 'Can you guide me on the codes needed for STI?'),
(55, 4, 'What are the appropriate codes for STI?'),
(56, 4, 'Which codes should I enter when dealing with STI?'),
(57, 4, 'Can you inform me about the codes required for STI?'),
(58, 4, 'What are the standard codes for STI?'),
(59, 4, 'For STI, what are the codes I need to use?'),
(60, 4, 'What are the necessary STI codes?'),
(61, 4, 'What are the codes I should input for STI?'),
(62, 4, 'For STI treatment, what instruments should I secure?'),
(63, 4, 'Could you advise on the STI codes to be entered?'),
(64, 4, 'Which STI codes should I use?'),
(65, 4, 'What STI-related codes do I need to enter?'),
(66, 5, 'Who need to approve STI codes?'),
(67, 5, 'Who is responsible for approving STI codes?'),
(68, 5, 'Can you tell me who should approve the STI codes?'),
(69, 5, 'Who has the responsibility for approving codes related to STI?'),
(70, 5, 'Who is the approver of the STI codes?'),
(71, 5, 'Who should I seek approval from for STI codes?'),
(72, 5, 'In terms of STI codes, who is in charge of their approval?'),
(73, 5, 'Can you guide me on who should authorize the STI codes?'),
(74, 5, 'Whose authorization is required for STI codes?'),
(75, 5, 'Who should give the go-ahead for STI codes?'),
(76, 5, 'Who holds the authority for the approval of STI codes?'),
(77, 5, 'Who is the faculty responsible for approving the STI codes?'),
(78, 5, 'Who needs to green-light the STI codes?'),
(79, 5, 'Which faculty should approve the STI codes?'),
(80, 6, 'How long should I wait for an STI consultation after extraction or extraction plus site preservation procedure?'),
(81, 6, 'What is the advised waiting duration for an STI consultation following an extraction or extraction plus site preservation procedure?'),
(82, 6, 'Following an extraction or extraction plus site preservation procedure, how much time should I allow before scheduling an STI consultation?'),
(83, 6, 'Can you specify the appropriate wait time for an STI consultation after undergoing an extraction or extraction plus site preservation procedure?'),
(84, 6, 'After having an extraction or extraction plus site preservation procedure, what is the recommended timeframe before consulting about STI?'),
(85, 6, 'How long is it typically advised to wait before having an STI consultation following an extraction or extraction plus site preservation procedure?'),
(86, 6, 'What\'s the suggested waiting interval for an STI consultation after an extraction or extraction plus site preservation procedure?'),
(87, 6, 'What is the optimal time to wait before seeking an STI consultation after an extraction or extraction plus site preservation procedure?'),
(88, 6, 'Can you advise on the typical waiting duration before an STI consultation following an extraction or extraction plus site preservation procedure?'),
(89, 6, 'How many days are generally recommended to wait for an STI consultation after an extraction or extraction plus site preservation procedure?'),
(90, 7, 'What is the estimated fee for STI treatment when a patient asks me during a UG STI consultation appointment?'),
(91, 7, 'What\'s the projected cost of STI treatment a patient might inquire about during a UG STI consultation appointment?'),
(92, 7, 'During a UG STI consultation, what is the expected price range for STI treatment if asked by a patient?'),
(93, 7, 'Can you tell me the anticipated cost for STI treatment that might be questioned by a patient during a UG STI consultation appointment?'),
(94, 7, 'What could be the approximate fee for STI treatment that a patient may seek during a UG STI consultation appointment?'),
(95, 7, 'What is the probable charge for STI treatment a patient might want to know during a UG STI consultation appointment?'),
(96, 8, 'I am going to deliver an implant crown, what should I do first?'),
(97, 8, 'What should be my initial step when I\'m preparing to deliver an implant crown?'),
(98, 8, 'Before delivering an implant crown, what is the first action I should take?'),
(99, 8, 'When it comes to delivering an implant crown, what should be my first move?'),
(100, 8, 'What is the initial procedure I need to follow when delivering an implant crown?'),
(101, 8, 'I\'m about to deliver an implant crown, what should be my preliminary step?'),
(102, 9, 'What are the steps to deliver an implant crown?'),
(103, 9, 'Could you outline the procedure for delivering an implant crown?'),
(104, 9, 'What is the protocol to follow when delivering an implant crown?'),
(105, 9, 'Can you describe the process for delivering an implant crown?'),
(106, 9, 'What sequence of actions should I follow to deliver an implant crown?'),
(107, 9, 'What is the recommended procedure for the delivery of an implant crown?'),
(108, 10, 'The implant treatment was approved last year, what do I have to do now?'),
(109, 10, 'Given that the implant treatment was approved last year, what is the next step I should take?'),
(110, 10, 'Now that the implant treatment was authorized a year ago, what actions should I undertake?'),
(111, 10, 'What should I do now, considering the implant treatment was given the green light last year?'),
(112, 10, 'Following the approval of the implant treatment last year, what are my current responsibilities?'),
(113, 10, 'Given the fact that the implant treatment was sanctioned last year, what procedures should I now follow?'),
(114, 11, 'How long should I schedule to do crown delivery?'),
(115, 11, 'What is the recommended duration for scheduling a crown delivery?'),
(116, 11, 'How much time should I allocate for a crown delivery session in my schedule?'),
(117, 11, 'What is the typical timeframe for scheduling a crown delivery?'),
(118, 11, 'For a crown delivery, how long should the scheduled slot be?'),
(119, 11, 'Can you advise on the appropriate length of time to allot for a crown delivery?'),
(120, 12, 'Is it possible to conduct an implant consultation while the tooth is still in place?'),
(121, 12, 'Can an implant consultation be performed with the tooth still present?'),
(122, 12, 'Is it permissible to carry out an implant consult when the tooth remains?'),
(123, 12, 'Can I proceed with an implant consultation even though the tooth has not been removed?'),
(124, 12, 'Is conducting an implant consult feasible while the tooth is still intact?'),
(125, 13, 'Can I do consult for number 8 and 9?'),
(126, 13, 'Is it feasible to conduct a consultation for 8 and 9?'),
(127, 13, 'Can I perform a consult for # 8 and # 9?'),
(128, 13, 'Is a consultation for tooth number 8 and 9 a possibility?'),
(129, 13, 'Can a consult be arranged for # 8 and # 9?'),
(130, 13, 'Is it permissible to carry out a consult for tooth number 8 and 9?'),
(131, 14, 'Can I do consult for second molar?'),
(132, 14, 'Is it feasible to conduct a consultation for second molar?'),
(133, 14, 'Can I perform a consult for second molar?'),
(134, 14, 'Is a consultation for the second molar a possibility?'),
(135, 14, 'Can a consult be arranged for the tooth referred to as second molar?'),
(136, 14, 'Is it permissible to carry out a consult for second molar?'),
(137, 15, 'Can we treat implant-supported bridge?'),
(138, 15, 'Is it feasible to provide treatment for implant-supported bridge?'),
(139, 15, 'Can our practice administer care for implant-supported bridge?'),
(140, 15, 'Is the treatment of an implant-supported bridge within our scope of services?'),
(141, 15, 'Do we have the capacity to manage care for an implant-supported bridge?'),
(142, 15, 'Can our facility handle treatment protocols for implant-supported bridge?'),
(143, 16, 'What is the maximum number of implants for one patient that can be accepted for UG implant program?'),
(144, 16, 'Whats maximum implant i can restore?'),
(145, 16, 'Whats the maximum impant can be restored?'),
(146, 16, 'What is the upper limit of implants a single patient can have under the UG implant program?'),
(147, 16, 'Under the UG implant program, what is the maximum quantity of implants one patient can receive?'),
(148, 16, 'What\'s the cap on the number of implants a patient can be provided with in the UG implant program?'),
(149, 16, 'What is the highest number of implants a patient can be approved for under the UG implant program?'),
(150, 16, 'In the UG implant program, what\'s the most implants a single patient can have?'),
(151, 17, 'How long should I wait for implant final impression after uncovery implant procedure?'),
(152, 17, 'What is the recommended waiting period for an implant final impression following an implant uncovery procedure?'),
(153, 17, 'After performing an implant uncovery procedure, how long should I wait before taking the final implant impression?'),
(154, 17, 'What\'s the appropriate time interval between the implant uncovery procedure and taking the final implant impression?'),
(155, 17, 'How much time should elapse after an implant uncovery procedure before proceeding with the final implant impression?'),
(156, 17, 'Following the uncovery of an implant, what is the advised wait time before obtaining the final implant impression?'),
(157, 18, 'Can I restore the implant that was placed outside UIC COD?'),
(158, 18, 'Is it possible to restore an implant that was placed outside of UIC COD?'),
(159, 18, 'Can an implant placed outside the UIC COD be subjected to restoration?'),
(160, 18, 'Am I allowed to carry out a restoration on an implant that was placed beyond UIC COD?'),
(161, 18, 'Is it permissible to restore an implant that was implanted outside UIC COD?'),
(162, 18, 'Can I undertake a restoration process on an implant that was installed outside of UIC COD?'),
(163, 19, 'Can I do extraction and site preservation procedure?'),
(164, 19, 'Is it feasible for me to perform an extraction and site preservation procedure?'),
(165, 19, 'Am I capable of carrying out extraction and site preservation procedure?'),
(166, 19, 'Is it permissible for me to conduct a tooth extraction along with a site preservation procedure?'),
(167, 19, 'Can I undertake both an extraction and site preservation procedure?'),
(168, 19, 'Is it within my capabilities to perform a tooth extraction in conjunction with a site preservation procedure?'),
(169, 20, 'Can I do screw-retained implant restoration?'),
(170, 20, 'Is it feasible for me to perform a screw-retained implant restoration?'),
(171, 20, 'Am I capable of carrying out a screw-retained implant restoration procedure?'),
(172, 20, 'Is it permissible for me to conduct a screw-retained implant restoration?'),
(173, 20, 'Can I undertake a screw-retained implant restoration?'),
(174, 20, 'Is it within my capabilities to perform a screw-retained implant restoration?'),
(175, 21, 'Can I do implant STI consult without wax-up or cast?'),
(176, 21, 'Is it feasible to conduct an implant STI consultation without a wax-up or cast?'),
(177, 21, 'Can an implant STI consult be performed in the absence of a wax-up or cast?'),
(178, 21, 'Is it permissible to carry out an implant STI consult without using a wax-up or cast?'),
(179, 21, 'Can I proceed with an implant STI consult without the need for a wax-up or cast?'),
(180, 21, 'Is conducting an implant STI consult feasible without the use of a wax-up or cast?'),
(181, 22, 'How long should I schedule the appointment for STI consultation?'),
(182, 22, 'What is the recommended duration for scheduling an STI consultation appointment?'),
(183, 22, 'How much time should I allocate for an STI consultation session in my schedule?'),
(184, 22, 'What is the typical timeframe for scheduling an STI consultation appointment?'),
(185, 22, 'For an STI consultation, how long should the scheduled slot be?'),
(186, 22, 'Can you advise on the appropriate length of time to allot for an STI consultation appointment?'),
(187, 23, 'Can I do STI consult if the patient is still undergoing orthodontic treatment?'),
(188, 23, 'Is it feasible to conduct an STI consultation while the patient is still undergoing orthodontic treatment?'),
(189, 23, 'Can an STI consult be performed if the patient is currently engaged in orthodontic therapy?'),
(190, 23, 'Is it permissible to carry out an STI consult when the patient is still in the midst of orthodontic treatment?'),
(191, 23, 'Can I proceed with an STI consult even though the patient is not yet finished with orthodontic care?'),
(192, 23, 'Is conducting an STI consult feasible while the patient is still receiving orthodontic treatment?'),
(193, 23, 'Can I do STI consult if the patient is going to have an orthodontic consult or treatment?'),
(194, 23, 'Is it feasible to conduct an STI consultation if the patient is due to have an orthodontic consultation or treatment?'),
(195, 23, 'Can an STI consult be performed if the patient is about to engage in orthodontic therapy or consultation?'),
(196, 23, 'Is it permissible to carry out an STI consult when the patient is set to begin orthodontic treatment or consultation?'),
(197, 23, 'Can I proceed with an STI consult even if the patient is on the verge of having an orthodontic consult or treatment?'),
(198, 23, 'Is conducting an STI consult feasible if the patient is preparing for an orthodontic consultation or treatment?'),
(199, 24, 'Can I ask for STI consult when my patient is being treated in my home clinic that may need an implant?'),
(200, 24, 'Is it possible to request an STI consultation if my patient, currently being treated in my home clinic, may require an implant?'),
(201, 24, 'Can I seek an STI consult when my patient, receiving treatment in my home clinic, might need an implant?'),
(202, 24, 'Is it permissible to call for an STI consult for my patient in my home clinic, who may necessitate an implant?'),
(203, 24, 'Can I initiate an STI consult if my patient, undergoing treatment in my home clinic, could potentially require an implant?'),
(204, 24, 'Is it feasible to arrange an STI consultation for my patient in my home clinic, who might be in need of an implant?'),
(205, 25, 'How do I evaluate the abutment during the abutment try-in appointment?'),
(206, 25, 'What is the process for evaluating the abutment during the abutment try-in appointment?'),
(207, 25, 'Can you guide me on how to assess the abutment in the course of the abutment try-in appointment?'),
(208, 25, 'What steps should I follow to evaluate the abutment during the abutment try-in session?'),
(209, 25, 'How should I go about assessing the abutment at the time of the abutment try-in appointment?'),
(210, 25, 'What approach should I take to evaluate the abutment during the abutment try-in appointment?'),
(211, 26, 'What cement do I use for implant crown cementation?'),
(212, 26, 'Which type of cement should be employed for implant crown cementation?'),
(213, 26, 'What kind of cement is appropriate to use during the cementation of an implant crown?'),
(214, 26, 'Can you advise on the cement to be used for implant crown cementation?'),
(215, 26, 'What is the preferred cement for cementation of an implant crown?'),
(216, 26, 'Which cement is typically used for the cementation process of an implant crown?'),
(217, 27, 'How long should I wait to schedule for the first follow-up appointment after implant crown delivery?'),
(218, 27, 'What is the recommended waiting period before scheduling the first follow-up appointment post implant crown delivery?'),
(219, 27, 'How much time should elapse before arranging the first follow-up visit after delivering an implant crown?'),
(220, 27, 'After implant crown delivery, how long should I wait before scheduling the initial follow-up appointment?'),
(221, 27, 'What\'s the typical waiting period to schedule the first follow-up consultation following implant crown delivery?'),
(222, 27, 'Can you advise on the suitable duration to wait before setting up the first follow-up appointment after implant crown delivery?'),
(223, 28, 'For the radiographic guide, if it\'s one tooth, do I need to make the full arch?'),
(224, 28, 'In the case of a single tooth, is it necessary to create a full-arch radiographic guide?'),
(225, 28, 'Do I need to construct a full-arch radiographic guide even if it\'s only for one tooth?'),
(226, 28, 'For a radiographic guide, if I\'m focusing on a single tooth, is a full arch required?'),
(227, 28, 'When creating a radiographic guide for a single tooth, should I still make a full arch?'),
(228, 28, 'If it\'s just for one tooth, is a full arch necessary when developing a radiographic guide?'),
(229, 29, 'Can I do a digital implant impression if it is my first implant impression?'),
(230, 29, 'Is it feasible to perform a digital implant impression if this is my first time doing an implant impression?'),
(231, 29, 'Can I carry out a digital impression for an implant even if it\'s my initial experience with implant impressions?'),
(232, 29, 'Is it permissible to undertake a digital implant impression for my very first implant impression procedure?'),
(233, 29, 'For my first implant impression, can I opt for a digital approach?'),
(234, 29, 'Even if it\'s my first time doing an implant impression, can I utilize digital impression techniques?'),
(235, 30, 'I am planning to do STI digital impression. What are the steps that I need to do?'),
(236, 30, 'What procedures should I follow if I intend to perform a digital impression for STI?'),
(237, 30, 'Can you guide me on the steps required for performing a digital impression for STI?'),
(238, 30, 'What are the necessary steps to execute a digital impression for STI if I am planning to do so?'),
(239, 30, 'In planning for an STI digital impression, what procedures do I need to adhere to?'),
(240, 30, 'If I aim to conduct a digital impression for STI, what are the steps I need to undertake?'),
(241, 31, 'Can I do implant STI consult if Phase 1 treatment is not completed?'),
(242, 31, 'Is it possible to conduct an implant STI consultation if the patient hasn\'t completed Phase 1 treatment?'),
(243, 31, 'Can an STI consultation for an implant be performed even if Phase 1 treatment isn\'t finished?'),
(244, 31, 'Is it permissible to execute an implant STI consult while Phase 1 treatment remains incomplete?'),
(245, 31, 'Can I proceed with an implant STI consultation if the patient is still in the midst of Phase 1 treatment?'),
(246, 31, 'Is it feasible to conduct an STI consultation for an implant if Phase 1 treatment isn\'t fully completed?'),
(247, 32, 'Can I accept a patient for UG STI that needs lateral approach maxillary sinus augmentation?'),
(248, 32, 'Is it permissible to admit a patient for UG STI if they require a lateral approach maxillary sinus augmentation?'),
(249, 32, 'Can a patient requiring lateral approach maxillary sinus augmentation be accepted into the UG STI program?'),
(250, 32, 'Is it possible to accept a patient for the UG STI program if they need a lateral approach to maxillary sinus augmentation?'),
(251, 32, 'Can I enroll a patient in UG STI who necessitates a lateral approach for maxillary sinus augmentation?'),
(252, 32, 'If a patient needs a lateral approach for maxillary sinus augmentation, is it feasible to include them in the UG STI?'),
(253, 33, 'Can I restore an implant that has marginal bone loss?'),
(254, 33, 'Is it feasible to restore an implant that presents with marginal bone loss?'),
(255, 33, 'Can a restoration be performed on an implant associated with marginal bone loss?'),
(256, 33, 'Is restoration possible for an implant that is showing signs of marginal bone loss?'),
(257, 33, 'Can I perform a restoration procedure on an implant that has experienced marginal bone loss?'),
(258, 33, 'Is it permissible to restore an implant that has been affected by marginal bone loss?'),
(259, 34, 'How can I select closed-tray or open-tray impression technique?'),
(260, 34, 'What factors should I consider when deciding between closed-tray and open-tray impression techniques?'),
(261, 34, 'How do I determine whether to use a closed-tray or open-tray impression technique?'),
(262, 34, 'What are the advantages and disadvantages of the closed-tray and open-tray impression techniques?'),
(263, 34, 'What clinical indications would lead me to choose a closed-tray impression technique over an open-tray technique, or vice versa?'),
(264, 34, 'Can you explain the decision-making process for selecting between closed-tray and open-tray impression techniques in dental procedures?'),
(265, 35, 'Can I accept a patient for immediate implant placement?'),
(266, 35, 'What criteria should be considered when determining if a patient is suitable for immediate implant placement?'),
(267, 35, 'Are there specific conditions or factors that would make a patient a good candidate for immediate implant placement?'),
(268, 35, 'What are the key considerations in deciding whether a patient is appropriate for immediate implant placement?'),
(269, 35, 'How can I assess a patient\'s eligibility for immediate implant placement?'),
(270, 35, 'What are the potential risks and benefits associated with accepting a patient for immediate implant placement?'),
(271, 36, 'Which tooth number is acceptable for immediate implant placement?'),
(272, 36, 'Are there specific criteria or guidelines for determining the suitability of a tooth number for immediate implant placement?'),
(273, 36, 'What factors should be taken into consideration when deciding on the tooth number for immediate implant placement?'),
(274, 36, 'How can I determine if a particular tooth number is appropriate for immediate implant placement?'),
(275, 36, 'Are there any limitations or restrictions on which tooth number can receive immediate implant placement?'),
(276, 36, 'What are the general considerations when selecting a tooth number for immediate implant placement?'),
(277, 37, 'Do I need to make a surgical/radiographic guide if the tooth is accepted for immediate implant placement?'),
(278, 37, 'Is it necessary to create a surgical or radiographic guide when performing immediate implant placement?'),
(279, 37, 'What are the advantages and disadvantages of using a surgical or radiographic guide for immediate implant placement?'),
(280, 37, 'How does the use of a surgical or radiographic guide impact the success and accuracy of immediate implant placement?'),
(281, 37, 'Are there specific cases or situations where the creation of a surgical or radiographic guide is highly recommended for immediate implant placement?'),
(282, 37, 'What are the considerations and factors that should be weighed when deciding whether or not to utilize a surgical or radiographic guide during immediate implant placement?'),
(283, 38, 'If my patient had the extraction done as well as site preservation, what do I need to do next?'),
(284, 38, 'After performing tooth extraction and site preservation for my patient, what are the next steps in the treatment process?'),
(285, 38, 'What is the recommended course of action following a procedure involving tooth extraction and site preservation for a patient?'),
(286, 38, 'What additional measures or procedures should be taken after completing tooth extraction and site preservation for a patient?'),
(287, 38, 'Can you outline the post-operative care and follow-up requirements for a patient who has undergone tooth extraction and site preservation?'),
(288, 38, 'In cases where tooth extraction and site preservation has been performed, what are the subsequent treatment considerations and protocols that need to be followed?'),
(289, 39, 'How do I know what implant system my patient was assigned to?'),
(290, 39, 'What steps should I take to determine the implant system that has been assigned to my patient?'),
(291, 39, 'Are there specific records or documentation that can help me identify the implant system assigned to my patient?'),
(292, 39, 'How can I retrieve information about the implant system used for my patient\'s treatment?'),
(293, 39, 'Are there any visual or physical indicators that can assist me in identifying the implant system my patient has been assigned to?'),
(294, 39, 'What resources or sources of information should I consult to ascertain the implant system assigned to my patient?'),
(295, 40, 'What do I have to write down for abutment prescription?'),
(296, 40, 'What information should be included in the abutment lab script?'),
(297, 40, 'Can you provide a list of essential details that need to be documented in the abutment prescription or lab script?'),
(298, 40, 'What specific instructions or specifications should be noted in the abutment prescription for accurate fabrication?'),
(299, 40, 'Are there any particular measurements or parameters that need to be recorded in the abutment prescription?'),
(300, 40, 'What are the necessary guidelines or requirements for documenting the abutment type and characteristics in the abutment prescription?'),
(301, 41, 'What do I have to write down for crown prescription?'),
(302, 41, 'When prescribing a dental crown, what specific information should be included in the lab script to ensure accurate fabrication?'),
(303, 41, 'What are the key details that need to be documented in the crown prescription for successful crown production?'),
(304, 41, 'Can you guide me on the necessary instructions and specifications that should be written in the crown prescription?'),
(305, 41, 'Are there any specific measurements or parameters that I need to provide in the crown prescription?'),
(306, 41, 'What guidelines or requirements should I follow when documenting the desired crown material, shade, and other relevant information in the crown prescription?'),
(307, 42, 'What do I have to write down for screw retained crown prescription?'),
(308, 42, 'When prescribing a screw-retained crown, what specific information should be included in the prescription to ensure accurate fabrication?'),
(309, 42, 'Can you provide a comprehensive list of details that need to be documented in the screw-retained crown prescription?'),
(310, 42, 'What specific instructions or specifications should be noted in the screw-retained crown prescription for precise manufacturing?'),
(311, 42, 'Are there any particular measurements or parameters that need to be recorded in the screw-retained crown prescription?'),
(312, 42, 'What guidelines or requirements should I follow when documenting the desired crown material, implant system compatibility, and other relevant information in the screw-retained crown prescription?'),
(313, 43, 'Can I try-in the custom abutment and deliver the implant crown in one session?'),
(314, 43, 'Is it possible to perform a try-in of the custom abutment and deliver the implant crown in a single session?'),
(315, 43, 'Can you provide guidance on whether it is feasible to conduct both the try-in of the custom abutment and the delivery of the implant crown during one appointment?'),
(316, 43, 'Are there any specific considerations or factors that may influence the decision to combine the try-in of the custom abutment and the delivery of the implant crown into a single session?'),
(317, 43, 'Is it within the treatment protocol to perform the try-in of the custom abutment and the delivery of the implant crown concurrently during a single appointment?'),
(318, 43, 'Can you explain the advantages, challenges, and potential outcomes associated with conducting the try-in of the custom abutment and delivering the implant crown in one session?'),
(319, 44, 'What instruments do I need to get for IOD treatment?'),
(320, 44, 'What tools do I need for IOD treatment?'),
(321, 44, 'What instruments for IOD?'),
(322, 44, 'What tools should I have for IOD treatment'),
(323, 44, 'What should I have for IOD Treatment?'),
(324, 44, 'Which specific dental instruments and tools are essential for performing an IOD treatment?'),
(325, 44, 'Can you provide a comprehensive list of instruments and equipment required for IOD treatment?'),
(326, 44, 'What are the necessary dental instruments and tools that should be prepared in advance for a successful IOD procedure?'),
(327, 44, 'Are there any specialized instruments or devices that are recommended for use during IOD treatment?'),
(328, 44, 'Could you guide me on the specific dental instruments I should acquire or have readily available for an IOD procedure?'),
(329, 45, 'What codes do I have to enter for IOD?'),
(330, 45, 'What is the treatment code for IOD?'),
(331, 45, 'IOD Codes'),
(332, 45, 'What is the IOD Code?'),
(333, 45, 'Are there specific billing or procedure codes that need to be entered when documenting an IOD treatment?'),
(334, 45, 'Can you provide guidance on the necessary coding requirements for accurately documenting an IOD procedure?'),
(335, 45, 'What are the recommended codes that should be entered in the billing system for proper identification of an IOD treatment?'),
(336, 46, 'Who needs to approve IOD codes?'),
(337, 46, 'In the process of documenting an IOD treatment, who is responsible for approving the assigned codes?'),
(338, 46, 'Which individuals or entities have the authority to review and approve the IOD codes before they are finalized?'),
(339, 46, 'Are there specific personnel or departments that need to verify and authorize the IOD codes before submission?'),
(340, 47, 'What is the estimated fee for IOD treatment when a patient asks me during UG IOD consultation appointment?'),
(341, 47, 'When a patient asks about the cost of an IOD treatment during an undergraduate IOD consultation appointment, what information should be provided regarding the estimated fee?'),
(342, 47, 'Can you provide an approximate cost estimate for an IOD treatment when discussing it with a patient during a UG (Undergraduate) IOD consultation appointment?'),
(343, 47, 'What factors should be considered when providing an estimated fee for an IOD treatment during a consultation appointment with an undergraduate patient?'),
(344, 47, 'Are there any additional charges or variables that may impact the estimated fee for an IOD treatment, and how can they be conveyed to the patient during a UG IOD consultation?'),
(345, 47, 'How can the estimated fee for an IOD treatment be effectively communicated to a patient during a UG IOD consultation appointment, taking into account potential variations based on individual circumstances?'),
(346, 48, 'How long should I schedule to do IOD pick up?'),
(347, 48, 'What is the recommended duration that should be allocated for performing the IOD pick-up procedure?'),
(348, 48, 'Can you provide guidance on the appropriate time frame for scheduling and conducting the IOD pick-up process?'),
(349, 48, 'How much time should be allotted in the schedule to ensure sufficient time for completing the IOD pick-up procedure accurately?'),
(350, 48, 'Are there any specific considerations or factors that may influence the length of time needed for the IOD pick-up, and how should they be accounted for in scheduling?'),
(351, 48, 'In order to allow for a successful and thorough IOD pick-up, what is the suggested timeframe that should be reserved to perform the procedure effectively?'),
(352, 48, 'How long should I schedule to do IOD duplication?'),
(353, 49, 'How long should I schedule to do IOD duplication?'),
(354, 49, 'What is the recommended duration for scheduling and performing the duplication process of an IOD treatment?'),
(355, 49, 'Can you provide guidance on the appropriate time frame required for duplicating an IOD accurately and efficiently?'),
(356, 49, 'How much time should be allocated in the schedule to ensure a successful duplication of the IOD treatment?'),
(357, 49, 'Are there any specific considerations or factors that may influence the length of time needed for IOD duplication, and how should they be accounted for in scheduling?'),
(358, 49, 'In order to allow for a thorough and precise duplication of the IOD, what is the suggested timeframe that should be reserved for the duplication process?'),
(359, 50, 'Can we do IOD for maxilla?'),
(360, 50, 'Is it possible to perform an IOD treatment for the maxilla (upper jaw)?'),
(361, 50, 'Are there any limitations or considerations when considering IOD treatment specifically for the maxilla?'),
(362, 50, 'Can the IOD technique be applied successfully to the maxillary arch, and are there any specific factors that need to be taken into account?'),
(363, 50, 'Is IOD a suitable treatment option for patients who require restoration or implant placement in the upper jaw?'),
(364, 50, 'Are there any particular challenges or modifications when performing IOD for the maxilla, and how can they be addressed effectively?'),
(365, 51, 'Can we place more than 2 implants for IOD mandible?'),
(366, 51, 'Is it feasible to insert more than two implants for an IOD treatment in the mandible (lower jaw)?'),
(367, 51, 'Are there any limitations or guidelines on the number of implants that can be placed for IOD in the mandibular arch?'),
(368, 51, 'Can the IOD technique accommodate the placement of multiple implants in the mandible?'),
(369, 51, 'Is it possible to achieve successful immediate loading with more than two implants in the mandibular region using the IOD approach?'),
(370, 51, 'Are there any specific considerations or modifications when placing multiple implants for IOD in the mandible, and how can they be addressed effectively?'),
(371, 52, 'What dental material do I use for IOD chairside pick-up?'),
(372, 52, 'Which specific dental materials are recommended for chairside pick-up during an IOD procedure?'),
(373, 52, 'Can you provide guidance on the appropriate dental material to be used for chairside pick-up in the context of an IOD treatment?'),
(374, 52, 'What are the preferred dental materials for chairside pick-up when implementing the IOD technique?'),
(375, 52, 'Are there any specific considerations or factors that should influence the choice of dental material for chairside pick-up during IOD, and how should they be taken into account?'),
(376, 52, 'In order to ensure a successful chairside pick-up during IOD, which dental material is suggested to be used for optimal results?'),
(377, 53, 'How long should I wait to schedule for the first follow-up appointment after IOD delivery?'),
(378, 53, 'What is the recommended waiting period before scheduling the first follow-up appointment after the delivery of an IOD treatment?'),
(379, 53, 'Can you provide guidance on the appropriate timeframe that should elapse before scheduling the initial post-IOD delivery follow-up appointment?'),
(380, 53, 'How much time should pass after IOD delivery to allow for proper healing and stability before scheduling the first follow-up visit?'),
(381, 53, 'Are there any specific factors or considerations that may influence the waiting period for scheduling the first follow-up appointment after IOD delivery, and how should they be taken into account?'),
(382, 53, 'In order to ensure sufficient time for successful healing and integration, what is the suggested duration that should be observed before scheduling the first post-IOD delivery follow-up appointment?'),
(383, 54, 'How long should I schedule the appointment for STI CBCT?'),
(384, 54, 'What is the recommended duration for scheduling an appointment to perform a STI CBCT (Cone Beam Computed Tomography) scan?'),
(385, 54, 'Can you provide guidance on the appropriate time frame that should be allocated for a STI CBCT appointment?'),
(386, 54, 'How much time should be reserved in the schedule to ensure a thorough and accurate STI CBCT imaging procedure?'),
(387, 54, 'Are there any specific considerations or factors that may influence the length of time needed for a STI CBCT appointment, and how should they be taken into account?'),
(388, 54, 'In order to allow for comprehensive imaging and analysis, what is the suggested duration that should be scheduled for a STI CBCT scan?'),
(389, 55, 'How long should I wait for IOD consult after CD delivery?'),
(390, 55, 'What is the recommended waiting period before scheduling an IOD consultation after the delivery of a CD?'),
(391, 55, 'Can you provide guidance on the appropriate timeframe that should elapse before scheduling an IOD consult following the CD delivery?'),
(392, 55, 'How much time should pass after the CD delivery to allow for proper adaptation and healing before scheduling the IOD consultation?'),
(393, 55, 'Are there any specific factors or considerations that may influence the waiting period for scheduling the IOD consultation after CD delivery, and how should they be taken into account?'),
(394, 55, 'In order to ensure adequate time for the patient to acclimate to the crown and for any necessary adjustments, what is the suggested duration that should be observed before scheduling the IOD consult following the CD delivery?'),
(395, 56, 'Can I observe or assist PG resident implant surgery?'),
(396, 56, 'Is it permissible for me to observe or assist implant surgery performed by a PG (Postgraduate) resident?'),
(397, 56, 'Can I participate in or observe implant surgery conducted by a PG resident as part of my learning experience?'),
(398, 56, 'Are there any restrictions or guidelines regarding my involvement in implant surgery performed by PG residents?'),
(399, 56, 'Is it allowed for me to assist a PG resident during implant surgery to enhance my understanding and skill development?'),
(400, 56, 'Can I be present in the operating room and observe the entire process of implant surgery performed by PG residents for educational purposes?'),
(401, 57, 'Should I obtain the lab script approval from the same faculty member who oversaw the final impression appointment?'),
(402, 57, 'When seeking lab script approval, should I obtain it from the same faculty member who supervised the final impression appointment?'),
(403, 57, 'Are there any specific guidelines or recommendations regarding obtaining lab script approval, specifically in relation to the faculty member who supervised the final impression appointment?'),
(404, 57, 'Is it necessary or advisable to obtain lab script approval from the same faculty member who was involved in overseeing the final impression appointment?'),
(405, 57, 'What is the general protocol or best practice for obtaining lab script approval, and should it be sought from the faculty member who supervised the final impression appointment?'),
(406, 58, 'When can i use torque?'),
(407, 58, 'Torque Wrench'),
(408, 58, 'Can I use torque wrench?'),
(409, 58, 'Is it permissible for me to utilize a torque wrench during dental procedures?'),
(410, 58, 'Can I incorporate the use of a torque wrench as part of my treatment protocol?'),
(411, 58, 'Are there any specific guidelines or restrictions regarding the use of a torque wrench in dental practice?'),
(412, 59, 'If the patient already paid for the regular radiographic guide, do they need to pay for the Digital one too?'),
(413, 59, 'If a patient has already made payment for a regular radiographic guide, is an additional fee required for obtaining a digital radiographic guide?'),
(414, 59, 'Can you provide clarification on whether patients need to make an extra payment for a digital radiographic guide if they have already paid for a regular one?'),
(415, 59, 'If a patient has already fulfilled the financial obligations for a regular radiographic guide, do they need to pay an extra amount for acquiring a digital radiographic guide?'),
(416, 60, 'Do I need to update the PANORAMIC XRAY for the patient before IOD consult?'),
(417, 60, 'Is it necessary to obtain an updated panoramic X-ray for the patient prior to the IOD consultation?'),
(418, 60, 'Can you provide guidance on whether a recent panoramic X-ray is required before scheduling an IOD consult for the patient?'),
(419, 60, 'Are there any specific imaging requirements or recommendations, such as updating the panoramic X-ray, before proceeding with the IOD consultation?'),
(420, 61, 'Can the IOD implants be placed before fabricating the denture?'),
(421, 61, 'Is it possible to perform the placement of IOD implants before fabricating the denture?'),
(422, 61, 'Are there any specific considerations or factors to evaluate before deciding whether to place IOD implants prior to denture fabrication?'),
(423, 61, 'Is it within the treatment protocol to proceed with the implant placement for IOD before initiating the denture fabrication process?'),
(424, 62, 'How should I make the radiographic guide?'),
(425, 62, 'What is the recommended procedure for fabricating a radiographic guide?'),
(426, 62, 'Can you provide guidance on the appropriate steps to follow when making a radiographic guide?'),
(427, 62, 'What are the key considerations and techniques involved in the fabrication of a radiographic guide?'),
(428, 62, 'Are there any specific materials or tools that should be utilized during the process of creating a radiographic guide?'),
(429, 63, 'From whom should I get the barium sulfate?'),
(430, 63, 'Who is the appropriate source or supplier for obtaining barium sulfate?'),
(431, 63, 'Is there a preferred supplier or manufacturer for barium sulfate that is commonly used in dental practices?'),
(432, 64, 'Who should I ask for if patient is ready for CBCT?'),
(433, 64, 'Who should I consult to determine if a patient is ready for a CBCT (Cone Beam Computed Tomography) scan?'),
(434, 64, 'Can you provide guidance on the appropriate person or department to contact when assessing a patient\'s eligibility for a CBCT scan?'),
(435, 64, 'Are there specific individuals or roles within the healthcare team who have the authority to determine if a patient is ready for a CBCT scan?'),
(436, 65, 'How can I review the CBCT?'),
(437, 65, 'What are the methods or tools available to review CBCT (Cone Beam Computed Tomography) scans?'),
(438, 65, 'Can you provide guidance on how to effectively review and interpret CBCT images?'),
(439, 65, 'What are the recommended software programs or platforms for reviewing CBCT scans?'),
(440, 65, 'Are there specific steps or protocols to follow when reviewing CBCT images to ensure accurate interpretation?'),
(441, 65, 'Can you outline the process or workflow for reviewing CBCT scans, including any necessary adjustments or settings to optimize image visualization and analysis?'),
(442, 66, 'What should I do after faculty reviews CBCT and approves patient?'),
(443, 66, 'After the faculty reviews the CBCT scan and approves the patient, what are the next steps in the treatment process?'),
(444, 66, 'Can you provide guidance on the course of action to be taken once the faculty has reviewed and approved the CBCT scan for the patient?'),
(445, 66, 'What are the specific actions or procedures that should be followed after the CBCT scan has been reviewed and approved by the faculty?'),
(446, 66, 'Can you outline the treatment protocol or workflow to be followed after the faculty\'s review and approval of the CBCT scan, including any necessary communication or coordination with other healthcare professionals?'),
(447, 67, 'My patient was already assigned, who do I contact if they have not scheduled the surgical consult?'),
(448, 67, 'If my patient has been assigned for treatment but has not scheduled the surgical consult, whom should I contact to address this issue?'),
(449, 67, 'Can you provide guidance on whom I should reach out to if a patient who has already been assigned for treatment has not yet scheduled the surgical consult?'),
(450, 67, 'What is the recommended course of action if a patient who has been assigned for treatment has not made arrangements for the surgical consult?'),
(451, 67, 'In such cases, whom should I notify or contact to help facilitate the scheduling of the surgical consult for a patient who has already been assigned for treatment?'),
(452, 67, 'Who do I send the message to once my patient is ready for assignment?'),
(453, 68, 'Who do I send the message to once my patient is ready for assignment?'),
(454, 68, 'After my patient is ready for assignment, to whom should I send the message or notification?'),
(455, 68, 'Can you provide guidance on whom I should contact or notify once my patient is prepared for assignment?'),
(456, 68, 'Are there specific individuals or departments that should receive the message when my patient is ready for assignment?'),
(457, 68, 'What is the appropriate communication channel or contact point for notifying the relevant parties that my patient is ready for assignment?'),
(458, 68, 'What information should I include in the message?'),
(459, 69, 'What information should I include in the message?'),
(460, 69, 'When sending a message, what specific information should be included to ensure clear communication?'),
(461, 69, 'Can you provide guidance on the essential details that should be incorporated into the message to convey the necessary information effectively?'),
(462, 69, 'Are there any key elements or data points that must be communicated in the message to ensure a smooth and efficient assignment process?'),
(463, 70, 'What should I expect after I sent the message for surgical assignment?'),
(464, 70, 'Once you have sent the message for surgical assignment, what should you anticipate in terms of next steps or responses?'),
(465, 70, 'Can you provide guidance on what to expect after sending the message for surgical assignment?'),
(466, 70, 'Are there any specific actions or information you should anticipate after sending the message for surgical assignment?'),
(467, 71, 'Can I treat implants opposing to each other?'),
(468, 71, 'Is it permissible to provide treatment involving implants that oppose each other?'),
(469, 71, 'Can you provide guidance on whether it is acceptable to treat implants that are in an opposing position?'),
(470, 71, 'Are there any specific considerations or limitations when considering treatment for implants that are opposing each other?'),
(471, 71, 'Is it within the scope of practice to perform procedures involving implants that are in an opposing relationship?'),
(472, 72, 'How many appointments do I need to schedule for STI treatments?'),
(473, 72, 'What is the recommended number of appointments that should be scheduled for STI treatments?'),
(474, 72, 'Can you provide guidance on the appropriate amount of appointments to allocate for STI treatments?'),
(475, 72, 'How many separate appointments should be scheduled to ensure a comprehensive and successful STI treatment?'),
(476, 73, 'When do my patients need to pay for the STI abutment and crown?'),
(477, 73, 'At what point in the treatment process should patients be expected to make payment for the STI abutment and crown?'),
(478, 73, 'Can you provide guidance on when patients should be requested to pay for the STI abutment and crown during their treatment?'),
(479, 73, 'What is the designated timeframe or sequence for collecting payment from patients for the STI abutment and crown?'),
(480, 74, 'Is there any payment plan?'),
(481, 74, 'Are there any payment options or installment plans available for patients?'),
(482, 74, 'Can you provide information on whether a payment plan is offered for the treatment fees?'),
(483, 74, 'What are the available options for patients who require a payment plan to manage the cost of treatment?'),
(484, 74, 'Is there a structured payment plan or financial assistance program that can be utilized by patients?'),
(485, 75, 'Will there be any discount for student or student family\'s members needing a STI crown?'),
(486, 75, 'Is there a discounted rate or special pricing available for students or immediate family members who require a STI crown?'),
(487, 75, 'Can you provide information on whether there is a discounted fee for STI crowns specifically for students or their family members?'),
(488, 75, 'Do students or their family members qualify for any financial benefits or reduced fees when receiving a STI crown?'),
(489, 76, 'How long does it take for the abutment to be ready, after I submit the lab prescription?'),
(490, 76, 'Can you provide an estimate of the duration it takes for the abutment to be prepared once the lab prescription has been submitted?'),
(491, 76, 'In terms of production and processing, how long should I expect to wait for the abutment to be ready following the submission of the lab prescription?'),
(492, 76, 'Can you outline the general timeline or expected waiting period for the fabrication of the abutment after the lab prescription has been sent?');

-- --------------------------------------------------------

--
-- Table structure for table `responses`
--

CREATE TABLE `responses` (
  `id` int(11) NOT NULL,
  `tag_id` int(11) DEFAULT NULL,
  `response` varchar(255) NOT NULL
) ENGINE=InnoDB DEFAULT CHARSET=utf8mb4;

--
-- Dumping data for table `responses`
--

INSERT INTO `responses` (`id`, `tag_id`, `response`) VALUES
(1, 1, 'Hi, welcome to Predoctoral Implant Program. How may I assist you today?'),
(2, 1, 'Hello there! Welcome to Predoctoral Implant Program. How may I assist you today?'),
(3, 2, 'STI also known as Single Tooth Implant.'),
(4, 3, 'You need to get a fixed cassette from the window, x-ray sensor and implant cassette from implant clinic manager office. If the implant is already placed, you need to know which implant system (Brand and size) that your patient has. Please look the patient'),
(5, 4, 'For healed site (tooth that has been extracted):\n1. D9365 2. D0365L or D0366U 3. D6010U2 4. DD6190 5. D6104UG 6. D7952UG (if needed) 7. DD6057 8. DD6058 9. D0107	'),
(6, 4, ' \nFor extracted site (tooth is present that needs to be extracted first):\n1. D9365 2. D7140 3. D7953UG 4. D0365L or D0366U 5. D6010U2 6. DD6190 7. D6104UG 8. D7952UG (if needed) 9. DD6057 10. DD6058 11. D0107'),
(7, 5, 'Your restorative faculty need to approve these codes.'),
(8, 6, 'You need to wait at least 3 months after tooth extraction and at least 4 months after tooth extraction plus site preservation.'),
(9, 7, 'You can tell the patient that the estimated fee for a single implant including restoration is between $1500 to $1800 (without insurance coverage) depends on what specific procedure is performed.'),
(10, 8, 'You need to get a fixed cassette from the window, x-ray sensor, implant cassette and torque wrench from the implant clinic manager office. You need to know which implant system that your patient has. Please look the patient   s information from the Axium '),
(11, 9, '1.Get instruments. 2.Start check with faculty. 3.Evaluate tissue and x-ray. 4.Remove healing abutment. 5.Place custom abutment. 6.Try crown on and adjust the crown interproximal contacts, make sure that the crown is seated all the way down, please take a '),
(12, 10, 'Since the treatment was approved last year, you may want to update the medical history and x-ray. Please bring the patient to implant clinic to updates all the information and discuss with faculty.'),
(13, 11, 'For crown delivery, you need to schedule for 1 session (3 hours). Please make sure that you have the abutment and crown ready prior to patients appointment'),
(14, 12, 'Yes, you can do implant when the tooth still there for anterior and premolar sites. For molar sites, consult should be done 2 months post extraction. Please discuss with implant faculty.'),
(15, 13, 'Predoctoral implant clinic does not accept STI treatment to replace teeth #8, 9. Please refer the case to Post Graduate Prosthodontics for further treatment.'),
(16, 14, 'We typically do not do implant tx for second molar, however, if you think the case is ideal, please consult with implant faculty.'),
(17, 15, 'Predoctoral implant clinic does accept implant supported bridge treatment for posterior teeth only. Please make a consult in the implant clinic.'),
(18, 16, 'The maximum number of implants for one patient is 4 implants.'),
(19, 17, 'You need to wait at least 2 weeks to take implant final impression after uncovery implant procedure.'),
(20, 18, 'We do not typically restore implant that was placed outside UIC COD. However, if the implants are either Straumann or Astra Dentsply, you may want to discuss the case with implant faculty.'),
(21, 19, 'You can talk with UG OS department director Dr. William Flick, if it   s not complex extraction, they will let you do the procedure in UG OS department.'),
(22, 20, 'Yes, you can do screw-retained implant restoration. Please discuss with implant faculty if you want to do so.'),
(23, 21, 'We highly recommend having diagnostic wax-up on the cast for implant STI consult.'),
(24, 22, 'You can schedule 1.5 hours for STI consultation.'),
(25, 23, 'No, it is advisable to wait until the completion of the orthodontic treatment.'),
(26, 24, 'First, ask implant clinic faculty for permission and double check If there is a chair available. Upon faculty approval, request Fabi to add your patient   s name in the schedule, and then you can bring your patient to Chicago implant clinic for STI consul'),
(27, 25, '1.Digital image: Faculty will access the Atlantis Weborder to review the digital design of custom abutment. This design will serve as a reference during the abutment try-in. 2.Fit: The primary concern is to make sure the abutment fits correctly on the imp'),
(28, 26, 'You need to get Panavia (resin cement) from the fridge in the digital lab.'),
(29, 27, 'You should schedule a 1-week follow-up appointment after implant crown delivery.'),
(30, 28, 'No, you do not need to make a full arch radiographic guide for one tooth.'),
(31, 29, 'It is strongly advised to begin your first implant impression using the conventional technique, as this allows you to grasp the fundamental principles. For your second implant impression, you can then incorporate digital implant impression technology.'),
(32, 30, '1.Check the implant brand and diameter. 2.Start check with faculty. 3.Fabi for corresponding Scanbody. 4.Get intraoral scanner from digital lab. 5.Remove healing abutment and scan the same arch. 6.Insert Scanbody, make sure it   s fully seated and confirm'),
(33, 31, 'All phase 1 treatments must be completed before forwarding patient to PG resident for implant placement.'),
(34, 32, 'We do not accept patient who requires lateral approach sinus augmentation as the process may significantly prolong the time required for the patient\'s return to the UG student for implant restoration.'),
(35, 33, 'Please have a discussion with your implant faculty regarding this issue.'),
(36, 34, 'The choice between closed-tray and open-tray impression techniques should be based on a comprehensive evaluation of the clinical situation, patient factors, and your own expertise. Consulting with your faculty for selecting the specific impression techniq'),
(37, 35, 'Please discuss with your faculty if certain criteria are met, such as adequate bone quantity and quality, good primary stability of the implant, absence of infection or active periodontal disease, and patient\'s overall health status. A comprehensive evalu'),
(38, 36, 'Please consult with your faculty to determine if the specific criteria are met. We we do not accept molar immediate implant '),
(39, 37, 'If the tooth is still present, you do not need to make surgical or radiographic guide.'),
(40, 38, 'Schedule the patient back in Chicago implant clinic for STI consult at least 3 months after the extraction and site preservation'),
(41, 39, 'Check Axium note for surgical implant placement or Axium components used form. It is crucial not just to know the implant system, but also to be aware of the implant diameter. This information is vital for selecting impression coping for final impression '),
(42, 40, 'You need to write down the following: Please fabricate atlantis abutment for implant #. Type of implant, Straumann/Dentsply, Diameter X. Abutment type: Titanium for posterior teeth/Gold hue for anterior teeth. Emergence profile: default.'),
(43, 41, 'You need to write down the following: Please fabricate emax crown for implant #. Final prosthesis: cement retained crown. Shade XX'),
(44, 42, 'You need to write down the following: Please fabricate screw retained PFM for implant #. Type of implant, Straumann/Dentsply, Diameter X. Enclosed you will find the UCLA abutment. Shade: XX'),
(45, 43, 'The recommended protocol is to schedule the patient for the custom abutment try-in prior to the crown fabrication. However, you can discuss with the implant faculty the possibility of doing so in case there were time limitation or inconvenience issues.'),
(46, 44, 'You need to get a fixed cassette from the window, xray sensor and implant cassette from the window. You need to know which implant system that you the patient has. Please look the patient   s information from the axium.'),
(47, 45, 'Faculty:\n1. D9360 UG Implant Consultation-IOD\n2. D0365L CBCT-One arch Mandible or D0366U CBCT-One arch Maxilla (if implants involve two arches, only put one arch code)\n3. DD6190 Digital-Radiographic/Surgical Implant Index\n4. D7321 Alveoloplasty W/O Ext., '),
(48, 46, 'Your restorative faculty need to approve these codes.'),
(49, 47, 'You can tell the patient that the estimated fee for two implant placement plus overdenture conversion is between $875 to $1300 (without insurance coverage) depends on what specific procedure is'),
(50, 48, 'For IOD pick up appointment, you need to schedule for 1 session (3 hours).'),
(51, 49, 'For IOD duplication, you need to schedule for 1 session (3 hours).'),
(52, 50, 'Predoctoral implant clinic does not accept IOD treatment for maxilla. Please refer the case to Post Graduate Prosthodontics for further treatment.'),
(53, 51, 'Predoctoral implant clinic does not accept IOD mandible treatment with more than 2 implants. Please refer the case to Post Graduate Prosthodontics for further treatment.'),
(54, 52, 'Self-curing repair acrylic resin is recommended for IOD chairside pick-up due to its high strength property.'),
(55, 53, 'You should schedule a 1-week follow-up appointment after IOD delivery.'),
(56, 54, 'You can schedule 1.5 hours for STI CBCT. Please have your radiographic/surgical guide ready prior to the appointment.'),
(57, 55, 'You can do IOD consult as long as the patient does not encounter any problems or requires additional adjustments for at least one follow-up. Please discuss with implant faculty if the CD is ready for IOD.'),
(58, 56, 'Yes, you can observe or assist PG resident implant surgery. Please email Miss Clarke <clarkes@uic.edu> regarding this matter.'),
(59, 57, 'We recommend getting the lab approval signature from the same faculty who supervised your implant final impression appointment. However, if that faculty is unavailable or not present at school, you may seek signature from any other implant clinic faculty.'),
(60, 58, 'Only final implant crown delivery or IOD conversion procedure necessitates the use of a torque wrench. The final torque with torque wrench should be performed exclusively by your instructor.'),
(61, 59, 'No. The patient only pays one at a time.'),
(62, 60, 'You do not need to get a new PAN since the process of completing the IOD consult includes obtaining a CBCT with the radiographic guide. However, updating the images might still be recommended as needed and indicated in case the CBCT was not taken during t'),
(63, 61, 'The UG implant clinic IOD protocol requires completing the IOD consult after denture fabrication. However, if a temporary(interim) full denture was fabricated, you can discuss with the implant faculty the possibility of using it for starting the IOD impla'),
(64, 62, 'Please review the implant course presentation from your blackboard. It shows detailed step-by-step how to make radiographic guide.'),
(65, 63, 'You can get the barium sulfate from Faby in Room 321A.'),
(66, 64, 'You need to make 1 hour appointment in the implant clinic. Fabi will take the CBCT for your patient. Please make sure that you have the radiographic guide with barium sulfate ready for the CBCT.'),
(67, 65, 'You need to review the CBCT with implant faculty. The implant faculty will show you how to open the CBCT.'),
(68, 66, 'First, you need to write down your CBCT finding in the Axium. For example: Buccal Lingual width, vertical distances and recommended implant. Please send an Axium message to Predoctoral Implant Program    stating that the patient (including patient   s nam'),
(69, 67, 'Please send an Axium message to  Predoctoral Implant Program and CC: Sharon Arrigo <sarrig1@uic.edu> for OS, Stephanie Clarke <clarkes@uic.edu> for Prostho and Estefania Martinez <emarti63@uic.edu> for Perio.'),
(70, 68, 'Please send an Axium message to Predoctoral Implant Program. Faby will be the one to receive the message and carry out the assignment.'),
(71, 69, 'Patient name, chart number and tooth number for implant placement. If your faculty wants to send the patient to specific department, please specify the department name.'),
(72, 70, 'You can check the Axium and will know the PG resident who is going to place the implant after the surgical consult. The PG resident may request the surgical/radiographic guide from you. You can also ask for assisting or observing the implant surgery.'),
(73, 71, 'Yes you can.'),
(74, 72, 'You will need 6 appointments to be scheduled in Chicago implant clinic as follows: 1.Initial UG STI consultation. 2.CBCT and finalization of the treatment plan. 3.Final implant impression, once implant is ready for it. 4.Custom abutment try-in. 5.Final cr'),
(75, 73, 'Your patient needs to pay for the STI abutment and crown when you completed the impression. You need to complete DD6057A and B and DD6058A and B.'),
(76, 74, 'Unfortunately, there is not any treatment plan. However, the implant treatment is going to take approximately 6-12 months.'),
(77, 75, 'There is not treatment discount for student or student family\'s members needing a STI crown'),
(78, 76, 'It usually takes between 2 to 3 weeks to receive the abutment. Therefore, it is recommended to schedule any subsequent appointments no sooner than 3 weeks following the submission of the lab script. Please make sure you ask digital lab if your abutment/cr');

-- --------------------------------------------------------

--
-- Table structure for table `tags`
--

CREATE TABLE `tags` (
  `id` int(11) NOT NULL,
  `tag` varchar(255) NOT NULL
) ENGINE=InnoDB DEFAULT CHARSET=utf8mb4;

--
-- Dumping data for table `tags`
--

INSERT INTO `tags` (`id`, `tag`) VALUES
(1, 'Greetings'),
(2, 'General'),
(3, 'STI_Tool_Needed'),
(4, 'STI_Treatment_Codes'),
(5, 'STI_Treatment_Extraction_Approval'),
(6, 'STI_Appointment_Consultation'),
(7, 'STI_Treatment_Fee'),
(8, 'STI_Tool_Crown_Action'),
(9, 'STI_Tool_Crown_Implant_Steps'),
(10, 'About_STI_Protocol_Approval'),
(11, 'About_STI_Crown_Appointment'),
(12, 'About_STI_Protocol_Implant_Consulation'),
(13, 'About_STI_Protocol_Tooth89'),
(14, 'About_STI_Protocol_Second_Molar'),
(15, 'About_STI_Protocol_Implant_Bridge'),
(16, 'About_STI_Protocol_Implant_Number'),
(17, 'STI_Appointment_Final_Impression'),
(18, 'About_STI_Protocol_Implant_Restoration'),
(19, 'About_STI_Protocol_Extraction_Site'),
(20, 'About_STI_Protocol_Screwretained_Implant'),
(21, 'About_STI_Protocol_Wax_Cast'),
(22, 'STI_Appointment_STI_Consultation'),
(23, 'About_STI_Protocol_Consultation'),
(24, 'STI_Treatment_Plan_Home_Clinic'),
(25, 'STI_Tool_Abutment_Process'),
(26, 'STI_Material_Cementation'),
(27, 'STI_Appointment_Followup_Crown'),
(28, 'About_STI_Protocol_Radiographic'),
(29, 'STI_Treatment_Plan_Digital_Impression'),
(30, 'STI_Tool_Digital_Impression_Steps'),
(31, 'STI_Tool_Phase'),
(32, 'STI_Treatment_UG'),
(33, 'STI_Treatment_Boneloss'),
(34, 'STI_Material_Tray_Impression'),
(35, 'STI_Treatment_Immediate_Implant_Placement'),
(36, 'STI_Treatment_Immediate_Implant_Placement_ToothNumber'),
(37, 'About_STI_Protocol_Guide'),
(38, 'About_STI_Extraction_Site_Preservation'),
(39, 'STI_Tool_Implant_System'),
(40, 'STI_Tool_Abutment_Prescription'),
(41, 'STI_Tool_Crown_Prescription'),
(42, 'STI_Tool_Screw_Retained_Crown_Prescription'),
(43, 'About_STI_Protocol_Custom_Abutment'),
(44, 'IOD_Tool_Treatment'),
(45, 'IOD_Protocol_Treatment_Codes'),
(46, 'About_IOD_Protocol_Approval'),
(47, 'IOD_Treatment_Fee'),
(48, 'IOD_Appointment_Pickup'),
(49, 'IOD_Appointment_Duplication'),
(50, 'IOD_Treatment_Maxilla'),
(51, 'IOD_Treatment_Multiple_Implants'),
(52, 'IOD_Material_Chairside'),
(53, 'IOD_Appointment_Followup_Crown'),
(54, 'IOD_Appointment_Schedule'),
(55, 'IOD_Appointment_Consultation_CD_Delivery'),
(56, 'IOD_Protocol_Observation'),
(57, 'IOD_Protocol_LabScript'),
(58, 'IOD_Protocol_Torque'),
(59, 'IOD_Treatment_Fee_Radiographic'),
(60, 'IOD_Treatment_Plan_Panaromic'),
(61, 'IOD_Treatment_Plan_Denture'),
(62, 'About_Radiographic_Guide_CBCT'),
(63, 'About_Radiographic_Guide_CBCT_Barium'),
(64, 'About_Radiographic_Guide_CBCT_Patient'),
(65, 'About_Radiographic_Guide_CBCT_Review_Scans'),
(66, 'About_Radiographic_Guide_CBC_Faculty_Approval'),
(67, 'About_Schedule_Assign_Patient'),
(68, 'About_Schedule_Assign_Patient_Message'),
(69, 'About_Schedule_Assign_Patient_Message_Detail'),
(70, 'About_Schedule_Reply'),
(71, 'About_STI_Protocol_Oppose'),
(72, 'STI_Appointment_Treatments'),
(73, 'STI_Appointment_Payment'),
(74, 'About_STI_Protocol_Payment_Plan'),
(75, 'About_STI_Protocol_Discount'),
(76, 'STI_Appointment_Duration_Abutment');

--
-- Indexes for dumped tables
--

--
-- Indexes for table `patterns`
--
ALTER TABLE `patterns`
  ADD PRIMARY KEY (`id`),
  ADD KEY `tag_id` (`tag_id`);

--
-- Indexes for table `responses`
--
ALTER TABLE `responses`
  ADD PRIMARY KEY (`id`),
  ADD KEY `tag_id` (`tag_id`);

--
-- Indexes for table `tags`
--
ALTER TABLE `tags`
  ADD PRIMARY KEY (`id`);

--
-- AUTO_INCREMENT for dumped tables
--

--
-- AUTO_INCREMENT for table `patterns`
--
ALTER TABLE `patterns`
  MODIFY `id` int(11) NOT NULL AUTO_INCREMENT, AUTO_INCREMENT=493;

--
-- AUTO_INCREMENT for table `responses`
--
ALTER TABLE `responses`
  MODIFY `id` int(11) NOT NULL AUTO_INCREMENT, AUTO_INCREMENT=79;

--
-- AUTO_INCREMENT for table `tags`
--
ALTER TABLE `tags`
  MODIFY `id` int(11) NOT NULL AUTO_INCREMENT, AUTO_INCREMENT=77;

--
-- Constraints for dumped tables
--

--
-- Constraints for table `patterns`
--
ALTER TABLE `patterns`
  ADD CONSTRAINT `patterns_ibfk_1` FOREIGN KEY (`tag_id`) REFERENCES `tags` (`id`);

--
-- Constraints for table `responses`
--
ALTER TABLE `responses`
  ADD CONSTRAINT `responses_ibfk_1` FOREIGN KEY (`tag_id`) REFERENCES `tags` (`id`);
COMMIT;

/*!40101 SET CHARACTER_SET_CLIENT=@OLD_CHARACTER_SET_CLIENT */;
/*!40101 SET CHARACTER_SET_RESULTS=@OLD_CHARACTER_SET_RESULTS */;
/*!40101 SET COLLATION_CONNECTION=@OLD_COLLATION_CONNECTION */;
